{"latlng":[[43.830049,6.971792],[43.826445,6.978026],[43.82498,6.980689],[43.824537,6.981445],[43.824176,6.9822],[43.824057,6.983214],[43.824022,6.98382],[43.823901,6.984734],[43.823803,6.985584],[43.823744,6.986596],[43.823839,6.987519],[43.823907,6.988501],[43.823735,6.98939],[43.823498,6.990293],[43.823287,6.99114],[43.822789,6.991809],[43.822138,6.991889],[43.821483,6.99203],[43.820937,6.992584],[43.820272,6.992645],[43.819608,6.992859],[43.819028,6.993041],[43.818358,6.993222],[43.817829,6.993809],[43.817361,6.994521],[43.816881,6.995178],[43.816278,6.995331],[43.815921,6.995746],[43.816277,6.995666],[43.816735,6.995093],[43.817232,6.99435],[43.817695,6.993674],[43.818173,6.993008],[43.818874,6.993064],[43.819451,6.992537],[43.819961,6.991957],[43.820676,6.991978],[43.820681,6.991846],[43.820267,6.991048],[43.820118,6.990376],[43.820075,6.989659],[43.820684,6.989214],[43.821271,6.988876],[43.821294,6.988212],[43.820783,6.987568],[43.820214,6.987],[43.819485,6.986952],[43.818831,6.98709],[43.818215,6.98689],[43.817664,6.986332],[43.818165,6.986386],[43.818716,6.986939],[43.819355,6.987287],[43.820017,6.98755],[43.820647,6.987904],[43.821146,6.988347],[43.821635,6.988777],[43.821098,6.989349],[43.820497,6.989854],[43.820082,6.990289],[43.820655,6.99085],[43.820656,6.991767],[43.819731,6.990621],[43.820078,6.989995],[43.820622,6.98946],[43.821216,6.989003],[43.821383,6.988267],[43.820169,6.986917],[43.819407,6.985945],[43.819047,6.985185],[43.81869,6.984271],[43.818428,6.983494],[43.818005,6.983195],[43.817655,6.982418],[43.817312,6.981827],[43.817818,6.981599],[43.81845,6.981563],[43.81914,6.98131],[43.819644,6.981346],[43.820286,6.980948],[43.820928,6.980548],[43.82152,6.980001],[43.821998,6.979321],[43.82266,6.979069],[43.82332,6.978695],[43.823985,6.978453],[43.824524,6.978597],[43.825174,6.978644],[43.825834,6.978384],[43.826245,6.977842],[43.826605,6.976947],[43.82704,6.976279],[43.827468,6.975478],[43.82768,6.974723],[43.828256,6.974068],[43.828685,6.973315],[43.829183,6.972715],[43.829515,6.971814],[43.829829,6.970993],[43.829832,6.970382]],"time":[0,1416,1676,1741,1801,1864,2098,2145,2200,2264,2311,2368,2426,2514,2597,2645,2745,2814,2915,3033,3137,3352,3436,3521,3617,3723,3833,3951,5257,5280,5295,5306,5337,5362,5510,5522,5558,6042,6188,6358,6532,6674,6773,6898,6996,7107,7230,7315,7407,7594,8508,8525,8591,8617,8633,8667,8700,8722,8751,8806,8821,8911,9745,9866,9981,10101,10196,10505,10759,10955,11055,11192,11341,11453,11786,12438,12462,12472,12500,12508,12517,12532,12549,12560,12571,12579,12623,12635,12646,12653,12663,12673,12684,12692,12700,12710,12744,12758,12768,13906],"distance":[0.0,76.1,155.4,233.4,306.5,387.2,470.2,545.1,618.3,700.6,776.2,859.3,935.0,1016.4,1090.4,1169.6,1249.3,1324.4,1405.1,1481.2,1557.4,1638.4,1714.3,1790.4,1868.8,1946.1,2024.4,2100.9,2180.5,2255.4,2337.4,2413.6,2491.0,2568.1,2648.4,2721.0,2800.7,2880.3,2958.6,3031.9,3115.0,3193.9,3270.0,3346.1,3424.0,3503.4,3586.5,3663.2,3735.7,3814.9,3894.0,3968.4,4048.1,4125.3,4202.1,4281.1,4360.4,4437.0,4515.5,4594.4,4671.2,4748.5,4827.6,4906.9,4982.9,5060.0,5139.4,5216.2,5299.3,5373.2,5452.5,5523.8,5606.2,5681.3,5760.5,5837.0,5916.8,5994.7,6070.6,6148.8,6227.3,6306.4,6384.8,6462.4,6541.4,6617.8,6695.0,6774.4,6862.6,6926.2,7008.4,7084.0,7167.1,7237.3,7321.8,7398.7,7473.7,7554.9,7629.5,7707.9],"altitude":[1405.6,1493.0,1503.6,1511.8,1519.2,1525.4,1529.6,1530.0,1531.8,1536.2,1534.2,1536.2,1542.4,1544.6,1548.8,1542.2,1542.0,1544.4,1556.6,1567.4,1582.8,1591.8,1600.6,1607.4,1618.6,1630.0,1643.0,1657.8,1650.2,1634.4,1621.2,1607.6,1597.8,1591.0,1580.6,1567.0,1548.8,1543.4,1548.0,1568.0,1590.6,1603.4,1613.8,1624.6,1633.0,1643.8,1656.6,1664.8,1675.4,1690.4,1678.8,1668.0,1660.0,1651.2,1639.0,1624.6,1611.4,1599.4,1584.2,1568.4,1556.0,1536.2,1555.0,1570.0,1585.2,1600.2,1614.0,1634.4,1640.8,1645.2,1649.6,1655.6,1673.4,1684.4,1692.8,1676.8,1657.8,1643.4,1626.6,1614.4,1600.6,1590.4,1581.4,1563.0,1547.2,1530.2,1516.8,1509.4,1501.0,1489.0,1477.8,1469.6,1457.2,1444.0,1430.0,1418.6,1404.8,1395.8,1387.8,1382.8],"moving":[false,true,true,true,true,true,true,true,true,true,true,true,true,true,true,true,true,true,true,true,true,true,true,true,true,true,false,true,true,true,true,true,true,true,true,true,true,true,true,true,true,true,true,true,true,true,true,true,true,false,true,true,true,true,true,true,true,true,true,true,true,false,true,true,true,true,true,false,false,false,true,false,true,true,false,true,true,true,true,true,true,true,true,true,true,true,true,true,true,true,true,true,true,true,true,true,true,true,true,false]}